Customer_ID,Recency,Frequency,Monetary,R_Score,F_Score,M_Score,RFM_Score,Customer_Segment
CUST_0001,137,6,17833.55,2,3,4,9,Loyal Customers
CUST_0002,140,4,6626.45,2,2,1,5,At Risk
CUST_0003,224,2,12093.0,1,1,3,5,At Risk
CUST_0004,90,3,10372.8,3,1,2,6,Potential Loyalists
CUST_0005,257,8,17167.65,1,4,4,9,Loyal Customers
CUST_0006,171,3,8194.2,2,1,2,5,At Risk
CUST_0007,95,8,15840.4,3,4,3,10,Champions
CUST_0008,355,3,11722.55,1,1,3,5,At Risk
CUST_0009,45,5,12081.9,4,2,3,9,Loyal Customers
CUST_0010,44,7,10585.0,4,4,2,10,Champions
CUST_0011,270,5,13800.15,1,2,3,6,Potential Loyalists
CUST_0012,93,3,10844.3,3,1,2,6,Potential Loyalists
CUST_0013,173,8,7848.2,2,4,2,8,Loyal Customers
CUST_0014,129,4,6892.9,2,2,1,5,At Risk
CUST_0015,237,8,22364.75,1,4,4,9,Loyal Customers
CUST_0016,49,8,14717.0,3,4,3,10,Champions
CUST_0017,152,4,4889.5,2,2,1,5,At Risk
CUST_0018,403,2,1167.3000000000002,1,1,1,3,Lost Customers
CUST_0019,51,12,26792.3,3,4,4,11,Champions
CUST_0020,29,3,5038.65,4,1,1,6,Potential Loyalists
CUST_0021,117,9,21015.2,2,4,4,10,Champions
CUST_0022,13,2,3173.0,4,1,1,6,Potential Loyalists
CUST_0023,140,5,13123.05,2,2,3,7,Potential Loyalists
CUST_0024,14,3,12200.900000000001,4,1,3,8,Loyal Customers
CUST_0025,280,4,17450.85,1,2,4,7,Potential Loyalists
CUST_0026,147,5,15643.3,2,2,3,7,Potential Loyalists
CUST_0027,31,6,8937.15,4,3,2,9,Loyal Customers
CUST_0028,139,8,22796.8,2,4,4,10,Champions
CUST_0029,56,8,12770.8,3,4,3,10,Champions
CUST_0030,25,3,7078.0,4,1,2,7,Potential Loyalists
CUST_0031,60,9,19603.55,3,4,4,11,Champions
CUST_0032,17,4,9288.75,4,2,2,8,Loyal Customers
CUST_0033,235,4,14438.4,1,2,3,6,Potential Loyalists
CUST_0034,165,4,8429.0,2,2,2,6,Potential Loyalists
CUST_0035,243,5,9915.0,1,2,2,5,At Risk
CUST_0036,152,8,17910.75,2,4,4,10,Champions
CUST_0037,137,3,4489.5,2,1,1,4,At Risk
CUST_0038,235,3,7941.1,1,1,2,4,At Risk
CUST_0039,54,6,8727.2,3,3,2,8,Loyal Customers
CUST_0040,14,3,6341.75,4,1,1,6,Potential Loyalists
CUST_0041,139,2,4995.9,2,1,1,4,At Risk
CUST_0042,81,4,10366.0,3,2,2,7,Potential Loyalists
CUST_0043,103,4,11764.65,3,2,3,8,Loyal Customers
CUST_0044,587,1,3596.4,1,1,1,3,Lost Customers
CUST_0045,50,3,8140.5,3,1,2,6,Potential Loyalists
CUST_0046,9,4,21828.0,4,2,4,10,Champions
CUST_0047,208,4,10032.3,1,2,2,5,At Risk
CUST_0048,188,3,4705.1,2,1,1,4,At Risk
CUST_0049,19,5,10089.85,4,2,2,8,Loyal Customers
CUST_0050,18,3,7024.35,4,1,2,7,Potential Loyalists
CUST_0051,414,4,18405.6,1,2,4,7,Potential Loyalists
CUST_0052,61,4,7533.75,3,2,2,7,Potential Loyalists
CUST_0053,49,4,5174.950000000001,3,2,1,6,Potential Loyalists
CUST_0054,292,2,3745.45,1,1,1,3,Lost Customers
CUST_0055,432,5,14157.7,1,2,3,6,Potential Loyalists
CUST_0056,60,5,18895.9,3,2,4,9,Loyal Customers
CUST_0057,179,4,9720.65,2,2,2,6,Potential Loyalists
CUST_0058,243,7,22223.4,1,4,4,9,Loyal Customers
CUST_0059,52,6,13239.35,3,3,3,9,Loyal Customers
CUST_0060,37,5,14608.0,4,2,3,9,Loyal Customers
CUST_0061,2,4,5508.8,4,2,1,7,Potential Loyalists
CUST_0062,87,5,6941.25,3,2,2,7,Potential Loyalists
CUST_0063,629,1,2997.0,1,1,1,3,Lost Customers
CUST_0064,212,3,8795.6,1,1,2,4,At Risk
CUST_0065,31,5,10647.25,4,2,2,8,Loyal Customers
CUST_0066,5,13,27546.65,4,4,4,12,Champions
CUST_0067,0,4,10598.4,4,2,2,8,Loyal Customers
CUST_0068,108,4,4027.7,2,2,1,5,At Risk
CUST_0069,104,5,7766.5,2,2,2,6,Potential Loyalists
CUST_0070,18,4,17686.949999999997,4,2,4,10,Champions
CUST_0071,211,4,12888.9,1,2,3,6,Potential Loyalists
CUST_0072,391,4,12271.2,1,2,3,6,Potential Loyalists
CUST_0073,128,5,10240.449999999999,2,2,2,6,Potential Loyalists
CUST_0074,18,5,25744.9,4,2,4,10,Champions
CUST_0075,52,4,5858.65,3,2,1,6,Potential Loyalists
CUST_0076,84,4,13316.75,3,2,3,8,Loyal Customers
CUST_0077,113,6,19557.35,2,3,4,9,Loyal Customers
CUST_0078,51,7,28236.300000000003,3,4,4,11,Champions
CUST_0080,178,6,12922.65,2,3,3,8,Loyal Customers
CUST_0081,634,1,6396.0,1,1,1,3,Lost Customers
CUST_0082,86,8,12686.7,3,4,3,10,Champions
CUST_0083,12,5,17160.4,4,2,4,10,Champions
CUST_0084,83,8,24321.6,3,4,4,11,Champions
CUST_0085,103,2,3695.45,3,1,1,5,At Risk
CUST_0086,15,8,26014.8,4,4,4,12,Champions
CUST_0087,143,5,11440.7,2,2,2,6,Potential Loyalists
CUST_0088,129,6,24911.45,2,3,4,9,Loyal Customers
CUST_0089,157,10,26865.800000000003,2,4,4,10,Champions
CUST_0090,22,5,15686.9,4,2,3,9,Loyal Customers
CUST_0091,213,3,2646.05,1,1,1,3,Lost Customers
CUST_0092,11,8,12622.849999999999,4,4,3,11,Champions
CUST_0093,355,5,9570.7,1,2,2,5,At Risk
CUST_0094,139,2,3796.5,2,1,1,4,At Risk
CUST_0095,86,6,11575.75,3,3,3,9,Loyal Customers
CUST_0096,64,7,12405.25,3,4,3,10,Champions
CUST_0097,476,4,5582.15,1,2,1,4,At Risk
CUST_0098,237,4,8630.15,1,2,2,5,At Risk
CUST_0099,66,7,29746.85,3,4,4,11,Champions
CUST_0100,182,4,9556.9,2,2,2,6,Potential Loyalists
CUST_0101,146,4,4898.45,2,2,1,5,At Risk
CUST_0102,137,3,9311.1,2,1,2,5,At Risk
CUST_0103,29,7,9706.15,4,4,2,10,Champions
CUST_0104,51,6,11608.4,3,3,3,9,Loyal Customers
CUST_0105,111,7,18832.35,2,4,4,10,Champions
CUST_0106,193,3,4978.700000000001,2,1,1,4,At Risk
CUST_0107,284,6,15730.9,1,3,3,7,Potential Loyalists
CUST_0108,644,1,1272.45,1,1,1,3,Lost Customers
CUST_0109,48,6,11372.05,3,3,2,8,Loyal Customers
CUST_0110,93,3,11852.699999999999,3,1,3,7,Potential Loyalists
CUST_0111,168,6,11524.75,2,3,2,7,Potential Loyalists
CUST_0112,1,9,10392.85,4,4,2,10,Champions
CUST_0113,14,8,20891.35,4,4,4,12,Champions
CUST_0114,66,4,14338.5,3,2,3,8,Loyal Customers
CUST_0115,1,6,12985.6,4,3,3,10,Champions
CUST_0116,10,2,3315.4,4,1,1,6,Potential Loyalists
CUST_0117,29,5,17570.100000000002,4,2,4,10,Champions
CUST_0118,70,6,7361.75,3,3,2,8,Loyal Customers
CUST_0119,357,2,8145.45,1,1,2,4,At Risk
CUST_0120,4,7,19166.05,4,4,4,12,Champions
CUST_0121,156,5,7874.8,2,2,2,6,Potential Loyalists
CUST_0122,238,5,15231.2,1,2,3,6,Potential Loyalists
CUST_0123,103,4,10729.9,3,2,2,7,Potential Loyalists
CUST_0124,268,4,2234.8,1,2,1,4,At Risk
CUST_0125,72,9,31257.8,3,4,4,11,Champions
CUST_0126,264,4,4055.2,1,2,1,4,At Risk
CUST_0127,96,7,12051.35,3,4,3,10,Champions
CUST_0128,159,9,15300.05,2,4,3,9,Loyal Customers
CUST_0129,67,6,29133.95,3,3,4,10,Champions
CUST_0130,168,6,8743.2,2,3,2,7,Potential Loyalists
CUST_0131,434,2,2616.7,1,1,1,3,Lost Customers
CUST_0132,58,4,14691.7,3,2,3,8,Loyal Customers
CUST_0133,106,7,18994.9,2,4,4,10,Champions
CUST_0134,33,8,14286.2,4,4,3,11,Champions
CUST_0135,345,6,33357.35,1,3,4,8,Loyal Customers
CUST_0136,63,11,33565.1,3,4,4,11,Champions
CUST_0137,176,5,18145.9,2,2,4,8,Loyal Customers
CUST_0138,50,4,18996.6,3,2,4,9,Loyal Customers
CUST_0139,205,3,6863.700000000001,1,1,1,3,Lost Customers
CUST_0140,567,5,13066.55,1,2,3,6,Potential Loyalists
CUST_0141,4,4,8868.9,4,2,2,8,Loyal Customers
CUST_0142,15,6,11413.15,4,3,2,9,Loyal Customers
CUST_0143,74,4,7913.7,3,2,2,7,Potential Loyalists
CUST_0144,348,2,1896.0,1,1,1,3,Lost Customers
CUST_0145,285,4,10462.9,1,2,2,5,At Risk
CUST_0146,31,12,33287.5,4,4,4,12,Champions
CUST_0147,47,5,8420.45,3,2,2,7,Potential Loyalists
CUST_0148,28,2,8234.800000000001,4,1,2,7,Potential Loyalists
CUST_0149,28,4,6215.0,4,2,1,7,Potential Loyalists
CUST_0151,10,8,17661.75,4,4,4,12,Champions
CUST_0152,81,1,2397.0,3,1,1,5,At Risk
CUST_0153,194,7,11222.25,2,4,2,8,Loyal Customers
CUST_0154,7,6,20152.25,4,3,4,11,Champions
CUST_0155,109,5,12208.1,2,2,3,7,Potential Loyalists
CUST_0156,113,3,3853.6000000000004,2,1,1,4,At Risk
CUST_0157,130,5,16045.8,2,2,3,7,Potential Loyalists
CUST_0158,4,6,15920.45,4,3,3,10,Champions
CUST_0159,109,5,7501.4,2,2,2,6,Potential Loyalists
CUST_0160,48,4,11753.6,3,2,3,8,Loyal Customers
CUST_0161,79,8,12901.0,3,4,3,10,Champions
CUST_0162,0,5,11957.35,4,2,3,9,Loyal Customers
CUST_0163,340,1,449.1,1,1,1,3,Lost Customers
CUST_0164,73,5,13047.0,3,2,3,8,Loyal Customers
CUST_0165,47,9,23767.85,3,4,4,11,Champions
CUST_0166,35,4,7447.45,4,2,2,8,Loyal Customers
CUST_0167,73,4,6935.85,3,2,2,7,Potential Loyalists
CUST_0168,521,3,4344.15,1,1,1,3,Lost Customers
CUST_0169,215,3,7044.000000000001,1,1,2,4,At Risk
CUST_0170,79,3,18708.8,3,1,4,8,Loyal Customers
CUST_0171,682,2,6524.5,1,1,1,3,Lost Customers
CUST_0172,7,8,19341.8,4,4,4,12,Champions
CUST_0173,387,3,9195.4,1,1,2,4,At Risk
CUST_0174,9,7,7732.75,4,4,2,10,Champions
CUST_0175,20,5,15314.550000000001,4,2,3,9,Loyal Customers
CUST_0176,247,2,1711.5,1,1,1,3,Lost Customers
CUST_0177,179,3,6954.8,2,1,2,5,At Risk
CUST_0178,68,6,16973.15,3,3,4,10,Champions
CUST_0179,316,3,11201.7,1,1,2,4,At Risk
CUST_0180,107,6,19784.35,2,3,4,9,Loyal Customers
CUST_0181,178,4,6302.55,2,2,1,5,At Risk
CUST_0182,36,7,23801.45,4,4,4,12,Champions
CUST_0183,95,6,23940.75,3,3,4,10,Champions
CUST_0184,24,6,11053.8,4,3,2,9,Loyal Customers
CUST_0185,222,3,7532.0,1,1,2,4,At Risk
CUST_0186,27,7,18891.550000000003,4,4,4,12,Champions
CUST_0187,3,4,7272.1,4,2,2,8,Loyal Customers
CUST_0188,111,6,15544.2,2,3,3,8,Loyal Customers
CUST_0189,565,2,5934.2,1,1,1,3,Lost Customers
CUST_0190,33,6,14013.7,4,3,3,10,Champions
CUST_0191,151,8,20034.25,2,4,4,10,Champions
CUST_0192,25,8,20802.2,4,4,4,12,Champions
CUST_0193,205,5,6027.3,1,2,1,4,At Risk
CUST_0194,528,3,5268.05,1,1,1,3,Lost Customers
CUST_0195,489,2,7195.8,1,1,2,4,At Risk
CUST_0196,201,5,14786.9,1,2,3,6,Potential Loyalists
CUST_0197,77,4,10727.7,3,2,2,7,Potential Loyalists
CUST_0198,464,4,15354.7,1,2,3,6,Potential Loyalists
CUST_0199,89,2,3894.15,3,1,1,5,At Risk
CUST_0200,247,6,14081.4,1,3,3,7,Potential Loyalists
CUST_0201,92,8,16412.35,3,4,3,10,Champions
CUST_0202,22,7,21976.300000000003,4,4,4,12,Champions
CUST_0203,264,3,4883.849999999999,1,1,1,3,Lost Customers
CUST_0204,17,8,21133.55,4,4,4,12,Champions
CUST_0205,199,4,14156.85,2,2,3,7,Potential Loyalists
CUST_0206,287,6,11161.75,1,3,2,6,Potential Loyalists
CUST_0207,90,9,19013.65,3,4,4,11,Champions
CUST_0208,73,5,21286.5,3,2,4,9,Loyal Customers
CUST_0209,205,7,18939.4,1,4,4,9,Loyal Customers
CUST_0210,14,5,8958.4,4,2,2,8,Loyal Customers
CUST_0211,515,3,10676.55,1,1,2,4,At Risk
CUST_0212,99,3,1942.35,3,1,1,5,At Risk
CUST_0213,15,4,9340.8,4,2,2,8,Loyal Customers
CUST_0214,226,6,8370.9,1,3,2,6,Potential Loyalists
CUST_0215,142,5,8547.400000000001,2,2,2,6,Potential Loyalists
CUST_0216,439,3,3832.5,1,1,1,3,Lost Customers
CUST_0217,140,6,16422.3,2,3,3,8,Loyal Customers
CUST_0218,225,5,21327.85,1,2,4,7,Potential Loyalists
CUST_0219,27,4,13878.9,4,2,3,9,Loyal Customers
CUST_0220,0,7,17735.55,4,4,4,12,Champions
CUST_0221,290,6,16092.15,1,3,3,7,Potential Loyalists
CUST_0222,275,4,5631.7,1,2,1,4,At Risk
CUST_0223,84,4,13900.400000000001,3,2,3,8,Loyal Customers
CUST_0224,678,2,4275.0,1,1,1,3,Lost Customers
CUST_0225,346,5,11228.8,1,2,2,5,At Risk
CUST_0226,256,6,8351.7,1,3,2,6,Potential Loyalists
CUST_0227,92,8,14383.0,3,4,3,10,Champions
CUST_0228,11,6,11024.349999999999,4,3,2,9,Loyal Customers
CUST_0229,59,6,8227.15,3,3,2,8,Loyal Customers
CUST_0230,140,4,8288.650000000001,2,2,2,6,Potential Loyalists
CUST_0231,13,6,10847.25,4,3,2,9,Loyal Customers
CUST_0232,4,5,6619.200000000001,4,2,1,7,Potential Loyalists
CUST_0233,67,5,8631.15,3,2,2,7,Potential Loyalists
CUST_0234,58,3,8120.35,3,1,2,6,Potential Loyalists
CUST_0235,88,5,7860.1,3,2,2,7,Potential Loyalists
CUST_0236,84,6,8188.4,3,3,2,8,Loyal Customers
CUST_0237,38,6,24359.85,4,3,4,11,Champions
CUST_0238,132,8,25828.1,2,4,4,10,Champions
CUST_0239,62,9,18862.15,3,4,4,11,Champions
CUST_0240,23,9,21865.5,4,4,4,12,Champions
CUST_0241,41,7,15967.1,4,4,3,11,Champions
CUST_0242,151,5,11136.0,2,2,2,6,Potential Loyalists
CUST_0243,46,2,5036.1,3,1,1,5,At Risk
CUST_0244,68,6,14889.800000000001,3,3,3,9,Loyal Customers
CUST_0245,147,6,16274.75,2,3,3,8,Loyal Customers
CUST_0246,99,8,15495.65,3,4,3,10,Champions
CUST_0247,15,6,12327.45,4,3,3,10,Champions
CUST_0248,6,5,15365.15,4,2,3,9,Loyal Customers
CUST_0249,296,3,4393.2,1,1,1,3,Lost Customers
CUST_0250,136,2,5493.900000000001,2,1,1,4,At Risk
CUST_0251,343,3,7896.6,1,1,2,4,At Risk
CUST_0252,612,1,2499.0,1,1,1,3,Lost Customers
CUST_0253,90,4,10490.75,3,2,2,7,Potential Loyalists
CUST_0254,2,3,4303.7,4,1,1,6,Potential Loyalists
CUST_0255,47,4,6115.75,3,2,1,6,Potential Loyalists
CUST_0256,32,5,13376.65,4,2,3,9,Loyal Customers
CUST_0257,35,5,13067.65,4,2,3,9,Loyal Customers
CUST_0258,63,6,13654.4,3,3,3,9,Loyal Customers
CUST_0259,203,5,13358.95,1,2,3,6,Potential Loyalists
CUST_0260,79,4,21768.3,3,2,4,9,Loyal Customers
CUST_0261,221,4,15568.95,1,2,3,6,Potential Loyalists
CUST_0262,218,7,21809.95,1,4,4,9,Loyal Customers
CUST_0263,130,6,35180.0,2,3,4,9,Loyal Customers
CUST_0264,24,5,16330.0,4,2,3,9,Loyal Customers
CUST_0265,231,7,10359.25,1,4,2,7,Potential Loyalists
CUST_0266,138,5,11833.25,2,2,3,7,Potential Loyalists
CUST_0267,227,2,7734.599999999999,1,1,2,4,At Risk
CUST_0268,391,4,13907.3,1,2,3,6,Potential Loyalists
CUST_0269,379,6,12682.65,1,3,3,7,Potential Loyalists
CUST_0270,147,7,16423.85,2,4,3,9,Loyal Customers
CUST_0271,75,6,14107.65,3,3,3,9,Loyal Customers
CUST_0272,79,6,17086.6,3,3,4,10,Champions
CUST_0273,60,6,13789.349999999999,3,3,3,9,Loyal Customers
CUST_0274,145,5,8008.15,2,2,2,6,Potential Loyalists
CUST_0275,274,3,10894.1,1,1,2,4,At Risk
CUST_0276,18,5,14866.2,4,2,3,9,Loyal Customers
CUST_0277,91,2,4365.1,3,1,1,5,At Risk
CUST_0278,26,7,15702.199999999999,4,4,3,11,Champions
CUST_0279,49,5,18541.2,3,2,4,9,Loyal Customers
CUST_0280,211,2,5594.4,1,1,1,3,Lost Customers
CUST_0281,215,4,6891.0,1,2,1,4,At Risk
CUST_0282,150,5,19162.0,2,2,4,8,Loyal Customers
CUST_0283,174,6,14727.1,2,3,3,8,Loyal Customers
CUST_0285,286,3,5588.55,1,1,1,3,Lost Customers
CUST_0286,140,1,1798.2,2,1,1,4,At Risk
CUST_0287,4,7,19698.0,4,4,4,12,Champions
CUST_0288,121,3,4056.35,2,1,1,4,At Risk
CUST_0289,60,9,19643.5,3,4,4,11,Champions
CUST_0290,162,1,897.0,2,1,1,4,At Risk
CUST_0291,82,5,6153.299999999999,3,2,1,6,Potential Loyalists
CUST_0292,30,8,31723.9,4,4,4,12,Champions
CUST_0293,15,10,23106.15,4,4,4,12,Champions
CUST_0294,61,2,3053.8,3,1,1,5,At Risk
CUST_0295,4,2,9970.65,4,1,2,7,Potential Loyalists
CUST_0296,11,4,6335.75,4,2,1,7,Potential Loyalists
CUST_0297,142,6,18077.5,2,3,4,9,Loyal Customers
CUST_0298,80,2,5296.6,3,1,1,5,At Risk
CUST_0299,93,6,14508.2,3,3,3,9,Loyal Customers
CUST_0300,6,8,26465.55,4,4,4,12,Champions
CUST_0301,164,2,2994.0,2,1,1,4,At Risk
CUST_0302,142,3,4175.6,2,1,1,4,At Risk
CUST_0303,212,3,2677.3,1,1,1,3,Lost Customers
CUST_0304,59,8,26778.0,3,4,4,11,Champions
CUST_0305,45,3,10631.55,4,1,2,7,Potential Loyalists
CUST_0306,59,4,7766.049999999999,3,2,2,7,Potential Loyalists
CUST_0307,39,5,5838.3,4,2,1,7,Potential Loyalists
CUST_0308,29,4,4952.8,4,2,1,7,Potential Loyalists
CUST_0309,64,11,30260.1,3,4,4,11,Champions
CUST_0310,151,4,6068.5,2,2,1,5,At Risk
CUST_0311,42,7,13823.25,4,4,3,11,Champions
CUST_0312,98,6,15856.2,3,3,3,9,Loyal Customers
CUST_0313,98,2,4105.7,3,1,1,5,At Risk
CUST_0314,242,6,16911.55,1,3,4,8,Loyal Customers
CUST_0315,569,1,2697.3,1,1,1,3,Lost Customers
CUST_0316,25,5,10719.15,4,2,2,8,Loyal Customers
CUST_0317,78,6,12147.3,3,3,3,9,Loyal Customers
CUST_0318,157,7,16154.2,2,4,3,9,Loyal Customers
CUST_0319,81,7,13657.5,3,4,3,10,Champions
CUST_0320,70,6,10094.9,3,3,2,8,Loyal Customers
CUST_0321,175,4,12742.300000000001,2,2,3,7,Potential Loyalists
CUST_0322,144,4,9815.45,2,2,2,6,Potential Loyalists
CUST_0323,183,4,12089.4,2,2,3,7,Potential Loyalists
CUST_0324,103,3,2924.1,3,1,1,5,At Risk
CUST_0325,492,4,9307.5,1,2,2,5,At Risk
CUST_0326,22,9,19492.15,4,4,4,12,Champions
CUST_0327,88,8,13819.5,3,4,3,10,Champions
CUST_0328,87,5,14940.25,3,2,3,8,Loyal Customers
CUST_0329,288,8,26831.9,1,4,4,9,Loyal Customers
CUST_0330,501,2,4993.2,1,1,1,3,Lost Customers
CUST_0331,176,4,12846.650000000001,2,2,3,7,Potential Loyalists
CUST_0332,91,7,12510.35,3,4,3,10,Champions
CUST_0333,200,7,10980.25,1,4,2,7,Potential Loyalists
CUST_0334,10,6,14705.550000000001,4,3,3,10,Champions
CUST_0335,220,8,19836.5,1,4,4,9,Loyal Customers
CUST_0336,128,4,8113.35,2,2,2,6,Potential Loyalists
CUST_0337,166,4,12309.3,2,2,3,7,Potential Loyalists
CUST_0338,81,9,12091.75,3,4,3,10,Champions
CUST_0339,98,5,5661.25,3,2,1,6,Potential Loyalists
CUST_0340,68,3,6247.15,3,1,1,5,At Risk
CUST_0341,673,1,3596.0,1,1,1,3,Lost Customers
CUST_0342,121,8,18239.3,2,4,4,10,Champions
CUST_0343,71,6,20305.2,3,3,4,10,Champions
CUST_0344,552,4,6695.65,1,2,1,4,At Risk
CUST_0345,25,10,24003.35,4,4,4,12,Champions
CUST_0346,17,3,6640.5,4,1,1,6,Potential Loyalists
CUST_0347,94,3,6756.45,3,1,1,5,At Risk
CUST_0348,107,8,22320.8,2,4,4,10,Champions
CUST_0349,18,10,23852.2,4,4,4,12,Champions
CUST_0350,445,6,16658.8,1,3,3,7,Potential Loyalists
CUST_0351,123,4,5457.5,2,2,1,5,At Risk
CUST_0352,40,8,21394.8,4,4,4,12,Champions
CUST_0353,36,6,8033.1,4,3,2,9,Loyal Customers
CUST_0354,172,3,9062.900000000001,2,1,2,5,At Risk
CUST_0355,37,8,25683.300000000003,4,4,4,12,Champions
CUST_0356,139,6,17515.4,2,3,4,9,Loyal Customers
CUST_0357,62,6,11027.099999999999,3,3,2,8,Loyal Customers
CUST_0358,300,5,9079.15,1,2,2,5,At Risk
CUST_0359,174,4,4842.6,2,2,1,5,At Risk
CUST_0360,1,8,15437.050000000001,4,4,3,11,Champions
CUST_0361,26,8,26175.5,4,4,4,12,Champions
CUST_0362,429,1,2124.15,1,1,1,3,Lost Customers
CUST_0363,28,10,18616.95,4,4,4,12,Champions
CUST_0364,4,5,15542.599999999999,4,3,3,10,Champions
CUST_0365,32,8,28204.6,4,4,4,12,Champions
CUST_0366,55,3,7793.4,3,1,2,6,Potential Loyalists
CUST_0367,30,7,17497.5,4,4,4,12,Champions
CUST_0368,333,4,3670.6,1,2,1,4,At Risk
CUST_0369,212,2,5293.2,1,1,1,3,Lost Customers
CUST_0370,83,3,6322.1,3,1,1,5,At Risk
CUST_0371,111,8,15186.25,2,4,3,9,Loyal Customers
CUST_0372,46,5,16436.8,3,3,3,9,Loyal Customers
CUST_0373,110,7,20410.05,2,4,4,10,Champions
CUST_0374,159,5,13095.15,2,3,3,8,Loyal Customers
CUST_0375,332,4,7755.45,1,2,2,5,At Risk
CUST_0376,40,6,10778.85,4,3,2,9,Loyal Customers
CUST_0377,147,6,13242.65,2,3,3,8,Loyal Customers
CUST_0378,157,6,13926.15,2,3,3,8,Loyal Customers
CUST_0379,349,3,7715.4,1,1,2,4,At Risk
CUST_0380,9,5,8835.2,4,3,2,9,Loyal Customers
CUST_0381,161,2,2885.75,2,1,1,4,At Risk
CUST_0382,15,1,1698.3,4,1,1,6,Potential Loyalists
CUST_0383,354,1,1436.4,1,1,1,3,Lost Customers
CUST_0384,258,1,899.1,1,1,1,3,Lost Customers
CUST_0385,177,3,6344.15,2,1,1,4,At Risk
CUST_0386,199,4,20817.3,2,2,4,8,Loyal Customers
CUST_0387,241,5,8156.9,1,3,2,6,Potential Loyalists
CUST_0388,248,3,6331.200000000001,1,1,1,3,Lost Customers
CUST_0389,53,8,18466.6,3,4,4,11,Champions
CUST_0390,62,2,2137.2,3,1,1,5,At Risk
CUST_0391,170,3,4356.349999999999,2,1,1,4,At Risk
CUST_0392,45,9,22291.75,4,4,4,12,Champions
CUST_0393,21,6,5825.35,4,3,1,8,Loyal Customers
CUST_0394,184,5,10356.849999999999,2,3,2,7,Potential Loyalists
CUST_0395,52,7,12428.4,3,4,3,10,Champions
CUST_0396,414,3,8891.099999999999,1,1,2,4,At Risk
CUST_0397,71,4,13692.1,3,2,3,8,Loyal Customers
CUST_0398,33,6,12401.05,4,3,3,10,Champions
CUST_0399,125,5,15108.0,2,3,3,8,Loyal Customers
CUST_0400,229,6,28592.8,1,3,4,8,Loyal Customers
CUST_0401,443,4,10228.7,1,2,2,5,At Risk
CUST_0402,17,4,9927.15,4,2,2,8,Loyal Customers
CUST_0403,127,4,7598.95,2,2,2,6,Potential Loyalists
CUST_0404,198,5,9119.9,2,3,2,7,Potential Loyalists
CUST_0405,444,2,1756.5,1,1,1,3,Lost Customers
CUST_0406,143,1,7497.0,2,1,2,5,At Risk
CUST_0407,180,6,16175.1,2,3,3,8,Loyal Customers
CUST_0408,79,3,5220.25,3,1,1,5,At Risk
CUST_0409,49,5,10037.050000000001,3,3,2,8,Loyal Customers
CUST_0410,114,5,19777.1,2,3,4,9,Loyal Customers
CUST_0411,164,6,13755.0,2,3,3,8,Loyal Customers
CUST_0412,512,1,2276.2,1,1,1,3,Lost Customers
CUST_0413,7,7,12255.75,4,4,3,11,Champions
CUST_0414,97,10,20984.45,3,4,4,11,Champions
CUST_0415,72,4,19006.1,3,2,4,9,Loyal Customers
CUST_0416,62,4,16766.6,3,2,3,8,Loyal Customers
CUST_0417,23,4,14395.800000000001,4,2,3,9,Loyal Customers
CUST_0418,118,7,21337.4,2,4,4,10,Champions
CUST_0419,23,8,19074.2,4,4,4,12,Champions
CUST_0420,72,7,12458.6,3,4,3,10,Champions
CUST_0421,1,5,20063.0,4,3,4,11,Champions
CUST_0422,65,3,9982.85,3,1,2,6,Potential Loyalists
CUST_0423,118,2,9095.45,2,1,2,5,At Risk
CUST_0424,225,7,14728.6,1,4,3,8,Loyal Customers
CUST_0425,144,5,11595.8,2,3,3,8,Loyal Customers
CUST_0426,204,3,12029.2,1,1,3,5,At Risk
CUST_0427,362,3,7916.35,1,1,2,4,At Risk
CUST_0428,137,7,16090.85,2,4,3,9,Loyal Customers
CUST_0429,77,7,17181.25,3,4,4,11,Champions
CUST_0430,277,1,331.55,1,1,1,3,Lost Customers
CUST_0431,405,2,2464.1,1,1,1,3,Lost Customers
CUST_0433,298,3,12114.65,1,1,3,5,At Risk
CUST_0434,42,8,17423.65,4,4,4,12,Champions
CUST_0435,42,8,18046.7,4,4,4,12,Champions
CUST_0436,4,7,15420.6,4,4,3,11,Champions
CUST_0437,132,7,19817.35,2,4,4,10,Champions
CUST_0438,35,6,11663.55,4,3,3,10,Champions
CUST_0439,148,5,16114.05,2,3,3,8,Loyal Customers
CUST_0440,468,2,2695.4,1,1,1,3,Lost Customers
CUST_0441,16,6,20932.4,4,3,4,11,Champions
CUST_0442,7,2,4995.0,4,1,1,6,Potential Loyalists
CUST_0443,266,4,5131.799999999999,1,2,1,4,At Risk
CUST_0444,267,3,8693.5,1,1,2,4,At Risk
CUST_0445,12,6,17701.3,4,3,4,11,Champions
CUST_0446,29,6,21015.5,4,3,4,11,Champions
CUST_0447,57,6,18747.55,3,3,4,10,Champions
CUST_0448,153,3,8714.35,2,1,2,5,At Risk
CUST_0449,23,5,11568.75,4,3,3,10,Champions
CUST_0450,165,9,18606.75,2,4,4,10,Champions
CUST_0451,11,5,9189.4,4,3,2,9,Loyal Customers
CUST_0452,170,9,22566.05,2,4,4,10,Champions
CUST_0453,286,4,6807.0,1,2,1,4,At Risk
CUST_0454,257,4,6436.6,1,2,1,4,At Risk
CUST_0455,174,6,21362.5,2,3,4,9,Loyal Customers
CUST_0456,50,10,19852.2,3,4,4,11,Champions
CUST_0457,19,5,14753.85,4,3,3,10,Champions
CUST_0458,567,2,2455.7000000000003,1,1,1,3,Lost Customers
CUST_0459,44,7,12566.6,4,4,3,11,Champions
CUST_0460,7,4,14142.65,4,2,3,9,Loyal Customers
CUST_0461,31,5,16986.9,4,3,4,11,Champions
CUST_0462,116,8,16051.3,2,4,3,9,Loyal Customers
CUST_0463,175,7,9710.95,2,4,2,8,Loyal Customers
CUST_0464,3,4,11488.5,4,2,2,8,Loyal Customers
CUST_0465,63,8,13322.2,3,4,3,10,Champions
CUST_0466,16,5,13440.75,4,3,3,10,Champions
CUST_0467,35,3,13210.6,4,1,3,8,Loyal Customers
CUST_0468,227,6,10165.2,1,3,2,6,Potential Loyalists
CUST_0469,3,7,23800.5,4,4,4,12,Champions
CUST_0470,135,5,10886.4,2,3,2,7,Potential Loyalists
CUST_0471,326,2,3414.2999999999997,1,1,1,3,Lost Customers
CUST_0472,122,10,20864.45,2,4,4,10,Champions
CUST_0473,97,9,20440.95,3,4,4,11,Champions
CUST_0474,34,10,29327.1,4,4,4,12,Champions
CUST_0475,261,3,7034.450000000001,1,1,2,4,At Risk
CUST_0476,475,2,1996.0,1,1,1,3,Lost Customers
CUST_0477,3,10,26923.05,4,4,4,12,Champions
CUST_0478,57,8,22146.6,3,4,4,11,Champions
CUST_0479,154,2,3126.35,2,1,1,4,At Risk
CUST_0480,82,8,18040.1,3,4,4,11,Champions
CUST_0481,275,4,10500.3,1,2,2,5,At Risk
CUST_0482,175,8,12786.800000000001,2,4,3,9,Loyal Customers
CUST_0483,37,5,16947.75,4,3,4,11,Champions
CUST_0484,90,3,10812.0,3,1,2,6,Potential Loyalists
CUST_0485,87,5,6713.25,3,3,1,7,Potential Loyalists
CUST_0486,48,4,8367.6,3,2,2,7,Potential Loyalists
CUST_0487,172,4,6513.799999999999,2,2,1,5,At Risk
CUST_0488,608,1,569.05,1,1,1,3,Lost Customers
CUST_0489,98,4,4626.3,3,2,1,6,Potential Loyalists
CUST_0490,174,3,3596.3,2,1,1,4,At Risk
CUST_0491,0,7,24285.05,4,4,4,12,Champions
CUST_0492,77,4,20647.2,3,2,4,9,Loyal Customers
CUST_0493,399,5,17649.2,1,3,4,8,Loyal Customers
CUST_0494,150,8,18739.95,2,4,4,10,Champions
CUST_0495,131,6,23463.0,2,3,4,9,Loyal Customers
CUST_0496,210,3,4042.3,1,1,1,3,Lost Customers
CUST_0497,69,8,12453.45,3,4,3,10,Champions
CUST_0498,110,5,17445.75,2,3,4,9,Loyal Customers
CUST_0499,35,8,13298.75,4,4,3,11,Champions
CUST_0500,41,5,7037.3,4,3,2,9,Loyal Customers
CUST_0501,67,5,14259.15,3,3,3,9,Loyal Customers
CUST_0502,55,10,14848.4,3,4,3,10,Champions
CUST_0503,69,5,6329.799999999999,3,3,1,7,Potential Loyalists
CUST_0504,593,3,5928.450000000001,1,1,1,3,Lost Customers
CUST_0505,506,1,799.2,1,1,1,3,Lost Customers
CUST_0506,197,6,8678.0,2,3,2,7,Potential Loyalists
CUST_0507,117,3,5055.400000000001,2,1,1,4,At Risk
CUST_0508,6,5,11304.499999999998,4,3,2,9,Loyal Customers
CUST_0509,152,3,4650.45,2,1,1,4,At Risk
CUST_0510,162,5,13801.2,2,3,3,8,Loyal Customers
CUST_0511,413,4,16389.8,1,2,3,6,Potential Loyalists
CUST_0512,2,4,5871.65,4,2,1,7,Potential Loyalists
CUST_0513,193,6,14239.25,2,3,3,8,Loyal Customers
CUST_0514,136,3,4125.55,2,1,1,4,At Risk
CUST_0515,103,2,6595.2,3,1,1,5,At Risk
CUST_0516,335,4,6468.85,1,2,1,4,At Risk
CUST_0517,130,5,6730.5,2,3,1,6,Potential Loyalists
CUST_0518,41,5,10805.05,4,3,2,9,Loyal Customers
CUST_0519,30,4,6900.650000000001,4,2,1,7,Potential Loyalists
CUST_0520,95,8,20932.4,3,4,4,11,Champions
CUST_0521,229,3,4094.3,1,1,1,3,Lost Customers
CUST_0522,256,3,4065.45,1,1,1,3,Lost Customers
CUST_0523,181,5,6823.8,2,3,1,6,Potential Loyalists
CUST_0524,14,6,18793.4,4,3,4,11,Champions
CUST_0525,92,1,999.0,3,1,1,5,At Risk
CUST_0526,173,4,5111.9,2,2,1,5,At Risk
CUST_0527,4,7,14548.85,4,4,3,11,Champions
CUST_0528,67,9,25760.4,3,4,4,11,Champions
CUST_0529,148,5,13628.300000000001,2,3,3,8,Loyal Customers
CUST_0530,32,7,12267.75,4,4,3,11,Champions
CUST_0531,15,2,1716.2,4,1,1,6,Potential Loyalists
CUST_0532,334,6,10498.85,1,3,2,6,Potential Loyalists
CUST_0533,161,5,8783.35,2,3,2,7,Potential Loyalists
CUST_0534,113,4,7461.95,2,2,2,6,Potential Loyalists
CUST_0535,45,4,4029.0,4,2,1,7,Potential Loyalists
CUST_0536,406,3,6362.35,1,1,1,3,Lost Customers
CUST_0537,340,4,6398.75,1,2,1,4,At Risk
CUST_0538,19,6,15681.25,4,3,3,10,Champions
CUST_0539,90,6,13976.25,3,3,3,9,Loyal Customers
CUST_0540,216,6,12613.75,1,3,3,7,Potential Loyalists
CUST_0541,106,7,19787.65,2,4,4,10,Champions
CUST_0542,16,9,18607.8,4,4,4,12,Champions
CUST_0543,340,5,8687.5,1,3,2,6,Potential Loyalists
CUST_0544,202,3,12271.650000000001,1,1,3,5,At Risk
CUST_0545,263,2,3833.6,1,1,1,3,Lost Customers
CUST_0546,116,5,9228.3,2,3,2,7,Potential Loyalists
CUST_0547,331,3,9813.6,1,1,2,4,At Risk
CUST_0548,370,3,6484.2,1,1,1,3,Lost Customers
CUST_0549,40,6,16134.7,4,3,3,10,Champions
CUST_0550,183,2,4555.8,2,1,1,4,At Risk
CUST_0551,2,9,27832.75,4,4,4,12,Champions
CUST_0552,308,3,7300.1,1,1,2,4,At Risk
CUST_0553,23,8,22759.05,4,4,4,12,Champions
CUST_0554,134,4,5357.5,2,2,1,5,At Risk
CUST_0555,334,5,7240.05,1,3,2,6,Potential Loyalists
CUST_0556,94,8,23310.7,3,4,4,11,Champions
CUST_0557,13,6,6256.349999999999,4,3,1,8,Loyal Customers
CUST_0558,305,2,6836.4,1,1,1,3,Lost Customers
CUST_0559,11,6,19479.65,4,3,4,11,Champions
CUST_0560,14,8,24755.65,4,4,4,12,Champions
CUST_0561,46,8,15165.25,3,4,3,10,Champions
CUST_0562,289,5,13398.849999999999,1,3,3,7,Potential Loyalists
CUST_0563,124,7,19033.55,2,4,4,10,Champions
CUST_0564,97,5,16344.900000000001,3,3,3,9,Loyal Customers
CUST_0565,335,3,4394.5,1,1,1,3,Lost Customers
CUST_0566,120,9,25509.35,2,4,4,10,Champions
CUST_0567,14,8,10590.25,4,4,2,10,Champions
CUST_0568,223,4,8608.9,1,2,2,5,At Risk
CUST_0569,55,2,7995.200000000001,3,1,2,6,Potential Loyalists
CUST_0570,3,8,16288.15,4,4,3,11,Champions
CUST_0571,123,7,14106.7,2,4,3,9,Loyal Customers
CUST_0572,84,4,15929.5,3,2,3,8,Loyal Customers
CUST_0573,84,6,16992.6,3,3,4,10,Champions
CUST_0574,166,5,10971.1,2,3,2,7,Potential Loyalists
CUST_0575,103,9,20110.25,3,4,4,11,Champions
CUST_0576,37,7,15206.95,4,4,3,11,Champions
CUST_0577,129,2,3320.15,2,1,1,4,At Risk
CUST_0578,32,3,10153.2,4,1,2,7,Potential Loyalists
CUST_0579,208,6,7285.85,1,3,2,6,Potential Loyalists
CUST_0580,88,10,24357.9,3,4,4,11,Champions
CUST_0581,37,3,11241.3,4,1,2,7,Potential Loyalists
CUST_0582,118,5,11740.349999999999,2,3,3,8,Loyal Customers
CUST_0583,266,4,13199.849999999999,1,2,3,6,Potential Loyalists
CUST_0584,105,5,10197.1,2,3,2,7,Potential Loyalists
CUST_0585,92,5,7962.2,3,3,2,8,Loyal Customers
CUST_0586,61,6,15020.0,3,3,3,9,Loyal Customers
CUST_0587,15,4,19215.55,4,2,4,10,Champions
CUST_0588,94,6,11751.95,3,3,3,9,Loyal Customers
CUST_0589,41,6,7290.8,4,3,2,9,Loyal Customers
CUST_0590,17,4,9791.2,4,2,2,8,Loyal Customers
CUST_0591,318,2,2964.6,1,1,1,3,Lost Customers
CUST_0592,68,3,7021.6,3,1,2,6,Potential Loyalists
CUST_0593,112,5,23087.2,2,3,4,9,Loyal Customers
CUST_0594,49,7,21578.4,3,4,4,11,Champions
CUST_0595,2,8,15738.05,4,4,3,11,Champions
CUST_0596,166,1,2157.6,2,1,1,4,At Risk
CUST_0597,14,2,7695.15,4,1,2,7,Potential Loyalists
CUST_0598,175,4,8623.0,2,2,2,6,Potential Loyalists
CUST_0599,13,10,16056.45,4,4,3,11,Champions
CUST_0600,1,4,11981.1,4,2,3,9,Loyal Customers
CUST_0601,24,6,11847.5,4,3,3,10,Champions
CUST_0602,89,7,11471.5,3,4,2,9,Loyal Customers
CUST_0603,343,4,8892.9,1,2,2,5,At Risk
CUST_0604,63,4,2169.55,3,2,1,6,Potential Loyalists
CUST_0605,93,5,5709.8,3,3,1,7,Potential Loyalists
CUST_0606,120,5,15240.75,2,3,3,8,Loyal Customers
CUST_0607,402,6,16603.100000000002,1,3,3,7,Potential Loyalists
CUST_0608,39,4,9283.85,4,2,2,8,Loyal Customers
CUST_0609,127,5,10004.8,2,3,2,7,Potential Loyalists
CUST_0610,25,2,3776.6,4,1,1,6,Potential Loyalists
CUST_0611,135,6,22119.5,2,3,4,9,Loyal Customers
CUST_0612,201,3,6511.5,1,1,1,3,Lost Customers
CUST_0613,170,9,19731.45,2,4,4,10,Champions
CUST_0614,147,6,25566.5,2,3,4,9,Loyal Customers
CUST_0615,110,6,12374.95,2,3,3,8,Loyal Customers
CUST_0616,561,2,1472.2,1,1,1,3,Lost Customers
CUST_0617,499,3,6071.2,1,1,1,3,Lost Customers
CUST_0618,64,4,12208.8,3,2,3,8,Loyal Customers
CUST_0619,111,3,7452.8,2,1,2,5,At Risk
CUST_0620,35,4,5910.9,4,2,1,7,Potential Loyalists
CUST_0621,82,7,16841.9,3,4,3,10,Champions
CUST_0622,174,5,8157.65,2,3,2,7,Potential Loyalists
CUST_0623,105,8,15776.8,2,4,3,9,Loyal Customers
CUST_0624,153,8,13786.849999999999,2,4,3,9,Loyal Customers
CUST_0625,7,5,7033.75,4,3,2,9,Loyal Customers
CUST_0626,459,3,11208.4,1,1,2,4,At Risk
CUST_0627,209,5,14610.85,1,3,3,7,Potential Loyalists
CUST_0628,50,8,13773.35,3,4,3,10,Champions
CUST_0629,104,5,9449.0,2,3,2,7,Potential Loyalists
CUST_0630,57,5,8092.6,3,3,2,8,Loyal Customers
CUST_0631,55,4,6169.849999999999,3,2,1,6,Potential Loyalists
CUST_0632,9,5,19126.35,4,3,4,11,Champions
CUST_0633,215,1,1076.4,1,1,1,3,Lost Customers
CUST_0634,42,7,14925.05,4,4,3,11,Champions
CUST_0635,23,7,10008.05,4,4,2,10,Champions
CUST_0636,282,3,4563.8,1,1,1,3,Lost Customers
CUST_0637,224,4,4483.3,1,2,1,4,At Risk
CUST_0638,96,7,11229.3,3,4,2,9,Loyal Customers
CUST_0639,69,7,18792.3,3,4,4,11,Champions
CUST_0640,112,9,28384.7,2,4,4,10,Champions
CUST_0641,81,5,6666.7,3,3,1,7,Potential Loyalists
CUST_0642,162,3,6841.150000000001,2,1,1,4,At Risk
CUST_0643,18,5,7192.65,4,3,2,9,Loyal Customers
CUST_0644,156,5,16377.25,2,3,3,8,Loyal Customers
CUST_0645,53,4,10136.05,3,2,2,7,Potential Loyalists
CUST_0646,108,6,21889.35,2,3,4,9,Loyal Customers
CUST_0647,29,5,14451.3,4,3,3,10,Champions
CUST_0648,553,2,3794.2,1,1,1,3,Lost Customers
CUST_0649,240,3,5659.3,1,1,1,3,Lost Customers
CUST_0650,65,4,6045.75,3,2,1,6,Potential Loyalists
CUST_0651,119,4,5912.5,2,2,1,5,At Risk
CUST_0652,110,3,11668.8,2,1,3,6,Potential Loyalists
CUST_0653,200,1,379.05,1,1,1,3,Lost Customers
CUST_0654,53,8,22344.899999999998,3,4,4,11,Champions
CUST_0655,10,4,12039.4,4,2,3,9,Loyal Customers
CUST_0656,44,5,20865.4,4,3,4,11,Champions
CUST_0657,26,4,10950.7,4,2,2,8,Loyal Customers
CUST_0658,22,6,11167.6,4,3,2,9,Loyal Customers
CUST_0659,512,1,1707.15,1,1,1,3,Lost Customers
CUST_0660,33,3,9623.25,4,1,2,7,Potential Loyalists
CUST_0661,273,4,7292.1,1,2,2,5,At Risk
CUST_0662,142,7,12216.15,2,4,3,9,Loyal Customers
CUST_0663,228,2,3935.2999999999997,1,1,1,3,Lost Customers
CUST_0664,120,7,15369.0,2,4,3,9,Loyal Customers
CUST_0665,79,3,7623.65,3,1,2,6,Potential Loyalists
CUST_0666,154,13,20974.6,2,4,4,10,Champions
CUST_0667,103,2,2335.5,3,1,1,5,At Risk
CUST_0668,413,3,5108.25,1,1,1,3,Lost Customers
CUST_0669,72,6,14136.6,3,3,3,9,Loyal Customers
CUST_0670,370,3,4499.15,1,1,1,3,Lost Customers
CUST_0671,75,7,24396.45,3,4,4,11,Champions
CUST_0672,350,4,10164.45,1,2,2,5,At Risk
CUST_0673,3,7,14604.45,4,4,3,11,Champions
CUST_0674,208,3,10271.6,1,1,2,4,At Risk
CUST_0675,109,4,10608.45,2,2,2,6,Potential Loyalists
CUST_0676,8,5,15137.5,4,3,3,10,Champions
CUST_0677,174,4,12389.2,2,2,3,7,Potential Loyalists
CUST_0678,220,4,5994.25,1,2,1,4,At Risk
CUST_0679,45,3,5395.8,4,1,1,6,Potential Loyalists
CUST_0680,53,5,7151.45,3,3,2,8,Loyal Customers
CUST_0681,460,4,6262.25,1,2,1,4,At Risk
CUST_0682,177,6,13456.15,2,3,3,8,Loyal Customers
CUST_0683,146,1,1422.15,2,1,1,4,At Risk
CUST_0684,87,5,11785.75,3,3,3,9,Loyal Customers
CUST_0685,171,8,17557.65,2,4,4,10,Champions
CUST_0686,70,6,11632.15,3,3,3,9,Loyal Customers
CUST_0687,98,4,9786.95,3,2,2,7,Potential Loyalists
CUST_0688,215,6,22800.8,1,3,4,8,Loyal Customers
CUST_0689,29,3,5029.3,4,1,1,6,Potential Loyalists
CUST_0690,118,1,594.15,2,1,1,4,At Risk
CUST_0691,52,4,12507.0,3,2,3,8,Loyal Customers
CUST_0692,44,5,8626.75,4,3,2,9,Loyal Customers
CUST_0693,349,5,9246.7,1,3,2,6,Potential Loyalists
CUST_0694,37,6,11162.1,4,3,2,9,Loyal Customers
CUST_0695,59,6,10914.5,3,3,2,8,Loyal Customers
CUST_0696,130,4,4543.35,2,2,1,5,At Risk
CUST_0697,379,2,2897.4,1,1,1,3,Lost Customers
CUST_0698,187,4,9091.25,2,2,2,6,Potential Loyalists
CUST_0699,80,2,5107.200000000001,3,1,1,5,At Risk
CUST_0700,24,7,27061.2,4,4,4,12,Champions
CUST_0701,156,3,7281.9,2,1,2,5,At Risk
CUST_0702,95,6,17402.15,3,3,4,10,Champions
CUST_0703,136,6,9641.05,2,3,2,7,Potential Loyalists
CUST_0704,3,2,12120.15,4,1,3,8,Loyal Customers
CUST_0705,8,8,24530.35,4,4,4,12,Champions
CUST_0706,1,9,21007.35,4,4,4,12,Champions
CUST_0707,38,2,7055.45,4,1,2,7,Potential Loyalists
CUST_0708,180,3,10142.699999999999,2,1,2,5,At Risk
CUST_0709,67,6,11098.3,3,3,2,8,Loyal Customers
CUST_0710,166,6,13614.0,2,3,3,8,Loyal Customers
CUST_0711,93,7,9801.65,3,4,2,9,Loyal Customers
CUST_0712,574,1,2208.3,1,1,1,3,Lost Customers
CUST_0713,40,3,6343.65,4,1,1,6,Potential Loyalists
CUST_0714,45,3,3624.0000000000005,4,1,1,6,Potential Loyalists
CUST_0715,208,3,4144.1,1,1,1,3,Lost Customers
CUST_0716,109,5,13440.65,2,3,3,8,Loyal Customers
CUST_0717,103,5,11196.3,3,3,2,8,Loyal Customers
CUST_0718,39,5,20087.8,4,3,4,11,Champions
CUST_0719,384,1,3598.2,1,1,1,3,Lost Customers
CUST_0720,77,7,18331.65,3,4,4,11,Champions
CUST_0721,438,2,2997.0,1,1,1,3,Lost Customers
CUST_0722,226,4,12038.55,1,2,3,6,Potential Loyalists
CUST_0723,89,6,12988.6,3,3,3,9,Loyal Customers
CUST_0724,97,2,2015.45,3,1,1,5,At Risk
CUST_0725,67,5,16867.8,3,3,4,10,Champions
CUST_0726,329,1,899.0,1,1,1,3,Lost Customers
CUST_0727,62,4,9451.5,3,2,2,7,Potential Loyalists
CUST_0728,24,5,18753.5,4,3,4,11,Champions
CUST_0729,2,6,16752.15,4,3,3,10,Champions
CUST_0730,174,5,13348.6,2,3,3,8,Loyal Customers
CUST_0731,628,1,957.6,1,1,1,3,Lost Customers
CUST_0732,27,5,17816.1,4,3,4,11,Champions
CUST_0733,69,6,12177.199999999999,3,3,3,9,Loyal Customers
CUST_0734,517,3,5102.15,1,1,1,3,Lost Customers
CUST_0735,350,7,15097.95,1,4,3,8,Loyal Customers
CUST_0736,363,3,8810.4,1,1,2,4,At Risk
CUST_0737,29,5,7954.8,4,3,2,9,Loyal Customers
CUST_0738,232,4,13207.099999999999,1,2,3,6,Potential Loyalists
CUST_0739,65,6,19648.35,3,3,4,10,Champions
CUST_0740,2,8,19460.65,4,4,4,12,Champions
CUST_0741,187,2,1698.2,2,1,1,4,At Risk
CUST_0742,126,3,3364.25,2,1,1,4,At Risk
CUST_0743,42,7,9906.3,4,4,2,10,Champions
CUST_0744,41,9,23577.55,4,4,4,12,Champions
CUST_0745,19,5,9817.449999999999,4,3,2,9,Loyal Customers
CUST_0746,31,4,5169.45,4,2,1,7,Potential Loyalists
CUST_0747,67,1,1497.0,3,1,1,5,At Risk
CUST_0748,218,1,2547.45,1,1,1,3,Lost Customers
CUST_0749,110,12,24703.8,2,4,4,10,Champions
CUST_0750,268,4,9489.55,1,2,2,5,At Risk
CUST_0751,38,8,21771.05,4,4,4,12,Champions
CUST_0752,265,4,4961.3,1,2,1,4,At Risk
CUST_0753,21,2,9219.15,4,1,2,7,Potential Loyalists
CUST_0754,268,6,15072.25,1,3,3,7,Potential Loyalists
CUST_0755,11,10,14149.5,4,4,3,11,Champions
CUST_0756,321,4,17158.649999999998,1,2,4,7,Potential Loyalists
CUST_0757,49,4,9292.5,3,2,2,7,Potential Loyalists
CUST_0758,147,8,21623.35,2,4,4,10,Champions
CUST_0759,147,6,15120.15,2,3,3,8,Loyal Customers
CUST_0760,24,2,2607.2999999999997,4,1,1,6,Potential Loyalists
CUST_0761,192,2,12318.15,2,1,3,6,Potential Loyalists
CUST_0762,47,1,3507.3,3,1,1,5,At Risk
CUST_0763,138,5,19548.85,2,3,4,9,Loyal Customers
CUST_0764,117,7,12151.6,2,4,3,9,Loyal Customers
CUST_0765,32,3,12442.3,4,1,3,8,Loyal Customers
CUST_0766,204,4,15989.55,1,2,3,6,Potential Loyalists
CUST_0767,29,6,12615.05,4,3,3,10,Champions
CUST_0768,52,6,20886.7,3,3,4,10,Champions
CUST_0769,38,7,14162.8,4,4,3,11,Champions
CUST_0770,382,1,7996.0,1,1,2,4,At Risk
CUST_0771,200,7,16561.9,1,4,3,8,Loyal Customers
CUST_0772,113,4,7397.5,2,2,2,6,Potential Loyalists
CUST_0773,192,3,8343.800000000001,2,1,2,5,At Risk
CUST_0774,193,4,5631.9,2,2,1,5,At Risk
CUST_0775,20,4,10514.85,4,2,2,8,Loyal Customers
CUST_0776,121,5,13535.150000000001,2,3,3,8,Loyal Customers
CUST_0777,274,4,15557.3,1,2,3,6,Potential Loyalists
CUST_0778,39,5,7476.3,4,3,2,9,Loyal Customers
CUST_0779,315,1,299.0,1,1,1,3,Lost Customers
CUST_0780,249,3,16994.55,1,1,4,6,Potential Loyalists
CUST_0781,36,6,7403.75,4,3,2,9,Loyal Customers
CUST_0782,101,4,5375.45,3,2,1,6,Potential Loyalists
CUST_0783,31,4,14446.95,4,2,3,9,Loyal Customers
CUST_0784,29,8,18708.7,4,4,4,12,Champions
CUST_0785,87,8,20624.95,3,4,4,11,Champions
CUST_0786,433,5,7224.65,1,3,2,6,Potential Loyalists
CUST_0787,302,1,1518.1,1,1,1,3,Lost Customers
CUST_0788,275,1,5997.0,1,1,1,3,Lost Customers
CUST_0789,100,6,21565.7,3,3,4,10,Champions
CUST_0790,460,1,5116.8,1,1,1,3,Lost Customers
CUST_0791,19,7,10024.7,4,4,2,10,Champions
CUST_0792,255,4,6030.05,1,2,1,4,At Risk
CUST_0793,387,3,4583.4,1,1,1,3,Lost Customers
CUST_0794,130,6,6227.25,2,3,1,6,Potential Loyalists
CUST_0795,95,8,23142.05,3,4,4,11,Champions
CUST_0796,221,3,3797.2,1,1,1,3,Lost Customers
CUST_0797,13,6,15883.3,4,3,3,10,Champions
CUST_0798,35,7,27471.55,4,4,4,12,Champions
CUST_0799,37,6,16363.5,4,3,3,10,Champions
CUST_0800,41,7,18901.3,4,4,4,12,Champions
CUST_0801,42,2,1877.1999999999998,4,1,1,6,Potential Loyalists
CUST_0802,394,7,11161.0,1,4,2,7,Potential Loyalists
CUST_0803,68,5,8170.65,3,3,2,8,Loyal Customers
CUST_0804,133,10,22782.55,2,4,4,10,Champions
CUST_0805,80,5,9461.75,3,3,2,8,Loyal Customers
CUST_0806,473,2,3496.15,1,1,1,3,Lost Customers
CUST_0807,40,2,2366.3,4,1,1,6,Potential Loyalists
CUST_0808,38,4,15549.15,4,2,3,9,Loyal Customers
CUST_0809,28,6,22360.2,4,3,4,11,Champions
CUST_0810,381,3,6934.6,1,1,2,4,At Risk
CUST_0811,105,4,12294.5,2,2,3,7,Potential Loyalists
CUST_0812,23,10,36704.15,4,4,4,12,Champions
CUST_0813,62,6,17692.55,3,3,4,10,Champions
CUST_0814,137,10,27630.5,2,4,4,10,Champions
CUST_0815,2,5,12943.45,4,3,3,10,Champions
CUST_0816,57,4,6205.85,3,2,1,6,Potential Loyalists
CUST_0817,188,5,18576.75,2,3,4,9,Loyal Customers
CUST_0818,97,9,20361.25,3,4,4,11,Champions
CUST_0819,128,3,5792.2,2,1,1,4,At Risk
CUST_0820,72,6,25600.15,3,3,4,10,Champions
CUST_0821,226,4,16987.0,1,2,4,7,Potential Loyalists
CUST_0822,117,5,13755.45,2,3,3,8,Loyal Customers
CUST_0823,281,4,3846.05,1,2,1,4,At Risk
CUST_0824,103,4,9452.35,3,2,2,7,Potential Loyalists
CUST_0825,29,6,13563.5,4,3,3,10,Champions
CUST_0826,50,6,6410.6,3,3,1,7,Potential Loyalists
CUST_0827,140,4,5551.8,2,2,1,5,At Risk
CUST_0828,39,3,5423.4,4,1,1,6,Potential Loyalists
CUST_0829,206,2,2505.7,1,1,1,3,Lost Customers
CUST_0830,27,5,22882.65,4,3,4,11,Champions
CUST_0831,70,7,15500.2,3,4,3,10,Champions
CUST_0832,16,6,14281.75,4,3,3,10,Champions
CUST_0833,153,13,27724.1,2,4,4,10,Champions
CUST_0834,372,2,3525.45,1,1,1,3,Lost Customers
CUST_0835,117,6,10505.349999999999,2,3,2,7,Potential Loyalists
CUST_0836,93,9,11702.9,3,4,3,10,Champions
CUST_0837,10,6,19517.6,4,3,4,11,Champions
CUST_0838,79,11,28614.05,3,4,4,11,Champions
CUST_0839,47,5,19909.9,3,3,4,10,Champions
CUST_0840,143,9,30662.95,2,4,4,10,Champions
CUST_0841,329,2,1476.3,1,1,1,3,Lost Customers
CUST_0842,150,3,16816.95,2,1,3,6,Potential Loyalists
CUST_0843,113,7,21381.75,2,4,4,10,Champions
CUST_0844,240,6,9806.15,1,3,2,6,Potential Loyalists
CUST_0845,159,3,3963.2999999999997,2,1,1,4,At Risk
CUST_0846,172,5,5541.2,2,3,1,6,Potential Loyalists
CUST_0847,256,5,16855.5,1,3,4,8,Loyal Customers
CUST_0848,584,1,3598.2,1,1,1,3,Lost Customers
CUST_0849,122,10,16216.55,2,4,3,9,Loyal Customers
CUST_0850,106,5,10157.85,2,3,2,7,Potential Loyalists
CUST_0851,132,3,2809.1,2,1,1,4,At Risk
CUST_0852,62,7,17898.0,3,4,4,11,Champions
CUST_0853,38,7,31977.45,4,4,4,12,Champions
CUST_0854,19,8,27397.8,4,4,4,12,Champions
CUST_0855,92,6,12041.5,3,3,3,9,Loyal Customers
CUST_0856,47,6,10560.5,3,3,2,8,Loyal Customers
CUST_0857,68,5,15326.699999999999,3,3,3,9,Loyal Customers
CUST_0858,77,5,13431.5,3,3,3,9,Loyal Customers
CUST_0859,72,4,13629.9,3,2,3,8,Loyal Customers
CUST_0860,590,3,2865.3,1,1,1,3,Lost Customers
CUST_0861,147,8,21516.9,2,4,4,10,Champions
CUST_0862,70,5,11280.4,3,3,2,8,Loyal Customers
CUST_0863,82,7,26210.9,3,4,4,11,Champions
CUST_0864,5,5,19013.35,4,3,4,11,Champions
CUST_0865,31,4,17239.6,4,2,4,10,Champions
CUST_0866,132,4,8269.25,2,2,2,6,Potential Loyalists
CUST_0867,84,7,21218.5,3,4,4,11,Champions
CUST_0868,116,3,2719.25,2,1,1,4,At Risk
CUST_0869,126,5,14556.95,2,3,3,8,Loyal Customers
CUST_0870,152,9,12446.0,2,4,3,9,Loyal Customers
CUST_0871,163,4,12242.35,2,2,3,7,Potential Loyalists
CUST_0872,98,5,14603.7,3,3,3,9,Loyal Customers
CUST_0873,25,2,5596.4,4,1,1,6,Potential Loyalists
CUST_0874,12,7,22035.75,4,4,4,12,Champions
CUST_0875,26,7,16765.8,4,4,3,11,Champions
CUST_0876,434,1,3996.0,1,1,1,3,Lost Customers
CUST_0877,15,8,19194.6,4,4,4,12,Champions
CUST_0878,183,9,22456.3,2,4,4,10,Champions
CUST_0879,144,8,16984.55,2,4,4,10,Champions
CUST_0880,59,6,10554.95,3,3,2,8,Loyal Customers
CUST_0881,226,5,13685.849999999999,1,3,3,7,Potential Loyalists
CUST_0882,45,4,8959.6,4,2,2,8,Loyal Customers
CUST_0883,135,5,20525.9,2,3,4,9,Loyal Customers
CUST_0884,149,6,10559.800000000001,2,3,2,7,Potential Loyalists
CUST_0885,47,8,25316.45,3,4,4,11,Champions
CUST_0886,331,5,22956.2,1,3,4,8,Loyal Customers
CUST_0887,58,4,7627.599999999999,3,2,2,7,Potential Loyalists
CUST_0888,345,3,8298.650000000001,1,1,2,4,At Risk
CUST_0889,196,4,5826.799999999999,2,2,1,5,At Risk
CUST_0890,150,4,18210.0,2,2,4,8,Loyal Customers
CUST_0891,310,8,17214.5,1,4,4,9,Loyal Customers
CUST_0892,76,3,5055.3,3,1,1,5,At Risk
CUST_0893,581,1,9496.2,1,1,2,4,At Risk
CUST_0894,19,4,9027.4,4,2,2,8,Loyal Customers
CUST_0895,154,6,14112.3,2,3,3,8,Loyal Customers
CUST_0896,149,7,18048.6,2,4,4,10,Champions
CUST_0897,27,7,22854.6,4,4,4,12,Champions
CUST_0898,87,6,10063.2,3,3,2,8,Loyal Customers
CUST_0899,29,11,26741.7,4,4,4,12,Champions
CUST_0900,20,7,26057.85,4,4,4,12,Champions
CUST_0901,530,2,5447.25,1,1,1,3,Lost Customers
CUST_0902,132,2,7874.4,2,1,2,5,At Risk
CUST_0903,7,4,11671.55,4,2,3,9,Loyal Customers
CUST_0904,331,3,11611.7,1,1,3,5,At Risk
CUST_0905,236,7,15594.2,1,4,3,8,Loyal Customers
CUST_0906,100,4,8309.8,3,2,2,7,Potential Loyalists
CUST_0907,302,1,3998.0,1,1,1,3,Lost Customers
CUST_0908,39,8,26138.3,4,4,4,12,Champions
CUST_0909,118,9,26883.55,2,4,4,10,Champions
CUST_0910,96,4,8798.6,3,2,2,7,Potential Loyalists
CUST_0911,67,8,15587.0,3,4,3,10,Champions
CUST_0912,311,8,13684.349999999999,1,4,3,8,Loyal Customers
CUST_0913,193,2,9793.2,2,1,2,5,At Risk
CUST_0914,43,4,7838.25,4,2,2,8,Loyal Customers
CUST_0915,234,3,3483.1499999999996,1,1,1,3,Lost Customers
CUST_0916,535,4,6660.45,1,2,1,4,At Risk
CUST_0917,188,3,2725.6,2,1,1,4,At Risk
CUST_0918,218,5,8183.700000000001,1,3,2,6,Potential Loyalists
CUST_0919,147,5,12518.55,2,3,3,8,Loyal Customers
CUST_0920,173,4,7579.85,2,2,2,6,Potential Loyalists
CUST_0921,25,8,30341.850000000002,4,4,4,12,Champions
CUST_0922,140,5,18012.15,2,3,4,9,Loyal Customers
CUST_0923,17,7,20625.4,4,4,4,12,Champions
CUST_0924,164,5,7126.3,2,3,2,7,Potential Loyalists
CUST_0925,57,7,19462.5,3,4,4,11,Champions
CUST_0926,297,8,16966.25,1,4,4,9,Loyal Customers
CUST_0927,380,3,6843.15,1,2,1,4,At Risk
CUST_0928,103,2,7193.0,3,1,2,6,Potential Loyalists
CUST_0929,271,2,5683.5,1,1,1,3,Lost Customers
CUST_0930,96,6,19976.550000000003,3,3,4,10,Champions
CUST_0931,78,7,18688.300000000003,3,4,4,11,Champions
CUST_0932,31,6,28129.35,4,3,4,11,Champions
CUST_0933,654,2,5114.8,1,1,1,3,Lost Customers
CUST_0934,57,2,4206.15,3,1,1,5,At Risk
CUST_0935,488,3,11830.8,1,2,3,6,Potential Loyalists
CUST_0936,44,4,5326.349999999999,4,2,1,7,Potential Loyalists
CUST_0937,45,4,10068.65,4,2,2,8,Loyal Customers
CUST_0938,1,8,12693.6,4,4,3,11,Champions
CUST_0939,53,5,10887.25,3,3,2,8,Loyal Customers
CUST_0940,93,9,22396.8,3,4,4,11,Champions
CUST_0941,59,4,4807.15,3,2,1,6,Potential Loyalists
CUST_0942,137,2,2195.0,2,1,1,4,At Risk
CUST_0943,41,3,4754.3,4,2,1,7,Potential Loyalists
CUST_0944,193,8,19490.3,2,4,4,10,Champions
CUST_0945,198,5,16041.699999999999,2,3,3,8,Loyal Customers
CUST_0946,142,6,16280.25,2,3,3,8,Loyal Customers
CUST_0947,98,5,9187.6,3,3,2,8,Loyal Customers
CUST_0948,131,3,13932.4,2,2,3,7,Potential Loyalists
CUST_0949,60,6,16946.15,3,3,4,10,Champions
CUST_0950,136,3,8360.9,2,2,2,6,Potential Loyalists
CUST_0951,79,2,10754.4,3,1,2,6,Potential Loyalists
CUST_0952,38,8,24545.4,4,4,4,12,Champions
CUST_0953,87,8,13154.95,3,4,3,10,Champions
CUST_0954,269,3,10370.900000000001,1,2,2,5,At Risk
CUST_0955,155,3,5502.4,2,2,1,5,At Risk
CUST_0956,281,6,19586.0,1,4,4,9,Loyal Customers
CUST_0957,167,3,5740.450000000001,2,2,1,5,At Risk
CUST_0958,2,9,25113.5,4,4,4,12,Champions
CUST_0959,5,10,40864.45,4,4,4,12,Champions
CUST_0960,71,4,24536.5,3,2,4,9,Loyal Customers
CUST_0961,179,4,6721.0,2,2,1,5,At Risk
CUST_0962,99,3,6435.299999999999,3,2,1,6,Potential Loyalists
CUST_0963,216,4,9442.3,1,2,2,5,At Risk
CUST_0964,195,6,11488.35,2,4,2,8,Loyal Customers
CUST_0965,156,4,8591.35,2,2,2,6,Potential Loyalists
CUST_0966,140,4,16788.0,2,2,3,7,Potential Loyalists
CUST_0967,342,3,9570.6,1,2,2,5,At Risk
CUST_0968,59,6,20580.9,3,4,4,11,Champions
CUST_0969,390,4,7129.349999999999,1,2,2,5,At Risk
CUST_0970,64,4,13129.400000000001,3,2,3,8,Loyal Customers
CUST_0971,231,4,12989.7,1,2,3,6,Potential Loyalists
CUST_0972,376,5,12134.4,1,3,3,7,Potential Loyalists
CUST_0973,49,7,20591.149999999998,3,4,4,11,Champions
CUST_0974,354,3,3114.4,1,2,1,4,At Risk
CUST_0975,520,2,6924.75,1,1,2,4,At Risk
CUST_0976,74,9,19122.75,3,4,4,11,Champions
CUST_0977,153,5,15420.4,2,3,3,8,Loyal Customers
CUST_0978,62,5,11767.4,3,3,3,9,Loyal Customers
CUST_0979,46,2,8283.75,3,1,2,6,Potential Loyalists
CUST_0980,219,5,15745.9,1,3,3,7,Potential Loyalists
CUST_0981,241,4,11073.9,1,2,2,5,At Risk
CUST_0982,229,4,10894.55,1,2,2,5,At Risk
CUST_0983,9,6,10042.35,4,4,2,10,Champions
CUST_0984,122,6,6766.6,2,4,1,7,Potential Loyalists
CUST_0985,124,6,9958.5,2,4,2,8,Loyal Customers
CUST_0986,62,4,17039.350000000002,3,2,4,9,Loyal Customers
CUST_0987,239,8,17601.0,1,4,4,9,Loyal Customers
CUST_0988,2,9,33577.45,4,4,4,12,Champions
CUST_0989,106,6,17256.05,2,4,4,10,Champions
CUST_0990,427,4,12621.25,1,2,3,6,Potential Loyalists
CUST_0991,73,7,23139.8,3,4,4,11,Champions
CUST_0992,137,5,7188.7,2,3,2,7,Potential Loyalists
CUST_0993,139,7,11141.7,2,4,2,8,Loyal Customers
CUST_0994,93,5,14555.2,3,3,3,9,Loyal Customers
CUST_0995,15,5,7125.6,4,3,2,9,Loyal Customers
CUST_0996,145,2,6345.400000000001,2,1,1,4,At Risk
CUST_0997,212,5,17051.6,1,3,4,8,Loyal Customers
CUST_0998,15,7,12927.25,4,4,3,11,Champions
CUST_0999,209,5,17986.7,1,3,4,8,Loyal Customers
CUST_1000,30,6,14244.9,4,4,3,11,Champions
